{"profanity_ans": {"text": {"vi": "Câu hỏi của bạn chứa nội dung thô tục. Mời bạn thao tác lại.", "ja": "あなたの質問には下品な内容が含まれています。 再度有効にしてください。"}}, "0": {"text": "Which language would you like to use?", "quick_reply": [{"payload": "100", "title": "Vietnamese"}, {"payload": "100", "title": "日本語"}]}, "2000": {"text": {"vi": "Bạn có muốn tiếp tục đặt câu hỏi nữa không?", "ja": "あなたは質問を続けておきたいですか"}, "quick_reply": [{"payload": "0", "title": "Yes"}, {"payload": "2001", "title": "No"}]}, "invalid_quick_reply": {"text": {"vi": "Nội dung bạn đưa ra không phù hợp. Mời bạn thao tác lại.", "ja": "あなたが提供した内容は適切ではありません。 再度有効にしてください。"}}, "2001": {"text": {"vi": "Trên đây là nội dung tư vấn của iLawyer. Nếu còn vướng mắc chưa rõ cần luật sư giải đáp, bạn vui lòng gọi đến 09xxx...", "ja": "上記はiLawyerのアドバイスです。 それでも問題が解決しない場合は、09xxxまでご連絡ください。"}}, "100": {"text": {"vi": "Lĩnh vực luật bạn quan tâm?\n1. Luật doanh nghiệp\n2. Luật đất đai\n3. Luật thuế tài sản", "ja": "興味のある法律分野ですか?\n1. 企業法は、\n2. 土地法\n3. 財産税法"}, "quick_reply": [{"payload": "201", "title": "1"}, {"payload": "201", "title": "2"}, {"payload": "201", "title": "3"}]}, "miss_key_ans": {"text": {"vi": "Câu hỏi của bạn không đầy đủ dữ kiện. Mời bạn thao tác lại.", "ja": "あなたの質問は不完全です。 再度有効にしてください。"}}, "1000": {"text": {"vi": "Xin mời bạn đưa ra nội dung câu hỏi:", "ja": "質問を入力してください:"}}}