{"201": {"text": {"vi": "Bạn muốn hỏi gì?\n1. Các loại hình công ty\n2. Các khái niệm cơ bản\n3. Quyền của doanh nghiệp\n4. Nghĩa vụ của doanh nghiệp\n5. Người đại diện theo pháp luật\n6. Thành lập doanh nghiệp\n7. Tổ chức lại, giải thể và phá sản", "ja": "あなたは何を求めていますか\n1. 企業の種類\n2. 基本コンセプト\n3. 事業の権利\n4. 事業の義務\n5. 法律上の代表者\n6. ビジネスの確立\n7. 再編、解散、破産"}, "quick_reply": [{"payload": "202", "title": "1"}, {"payload": "10004", "title": "2"}, {"payload": "10007", "title": "3"}, {"payload": "10008", "title": "4"}, {"payload": "10014", "title": "5"}, {"payload": "213", "title": "6"}, {"payload": "214", "title": "7"}]}, "203": {"text": {"vi": "Trách nhiệm hữu hạn 2 thành viên trở lên?\n1. Định nghĩa\n2. Vốn\n3. Quyền của thành viên\n4. Nghĩa vụ của thành viên\n5. Hội đồng thành viên\n6. Giám đốc, Tổng giám đốc\n7. Khác", "ja": "2人以上のメンバーの責任限定?\n1. 定義\n2. 首都\n3. メンバーシップの権利\n4. 会員義務\n5. 会員協議会n\n6. 取締役、総監督\n7. その他"}, "quick_reply": [{"payload": "10047", "title": "1"}, {"payload": "204", "title": "2"}, {"payload": "10050", "title": "3"}, {"payload": "10051", "title": "4"}, {"payload": "205", "title": "5"}, {"payload": "206", "title": "6"}, {"payload": "1000", "title": "7"}]}, "202": {"text": {"vi": "Các loại hình công ty?\n1. Trách nhiệm hữu hạn 2 thành viên trở \n2. Trách nhiệm hữu hạn 1 thành viên\n3. Doanh nghiệp nhà nước\n4. Công ty cổ phần\n5. Công ty hợp danh\n6. Doanh nghiệp tư nhân", "ja": "企業の種類?\n1. 2人以上のメンバーの責任限定\n2. 1メンバー有限責任\n3. 国有企業\n4. 合資会社\n5. パートナーシップ\n6. 民間企業"}, "quick_reply": [{"payload": "203", "title": "1"}, {"payload": "207", "title": "2"}, {"payload": "208", "title": "3"}, {"payload": "209", "title": "4"}, {"payload": "211", "title": "5"}, {"payload": "212", "title": "6"}]}, "205": {"text": {"vi": "Hội đồng thành viên?\n1. Định nghĩa\n2. Chủ tịch\n3. Triệu tập họp\n4. Nghị quyết\n5. Biên bản\n6. Khác", "ja": "会員協議会?\n1. 定義\n2. 大統領\n3. 会議に出席する\n4. 解像度\n5. 分\n6. その他"}, "quick_reply": [{"payload": "10056", "title": "1"}, {"payload": "10057", "title": "2"}, {"payload": "10058", "title": "3"}, {"payload": "10060", "title": "4"}, {"payload": "10061", "title": "5"}, {"payload": "1000", "title": "6"}]}, "204": {"text": {"vi": "Vốn?\n1. Định nghĩa\n2. Mua lại vốn góp\n3. Chuyển nhượng vốn góp\n4. Thay đổi\n5. Khác", "ja": "首都?\n1. 定義\n2. 資本拠出の買戻し\n3. 寄付資本の移転\n4. 変更\n5. その他"}, "quick_reply": [{"payload": "10048", "title": "1"}, {"payload": "10052", "title": "2"}, {"payload": "10053", "title": "3"}, {"payload": "10068", "title": "4"}, {"payload": "1000", "title": "5"}]}, "207": {"text": {"vi": "Trách nhiệm hữu hạn 1 thành viên?\n1. Định nghĩa\n2. Vốn\n3. Quyền của chủ sở hữu\n4. Nghĩa vụ của chủ sở hữu\n5. Hội đồng thành viên\n6. Chủ tịch công ty\n7. Giám đốc, Tống giám đốc\n8. Khác", "ja": "1メンバー有限責任?\n1. 定義\n2. 首都\n3. オーナーの権利\n4. 所有者の義務\n5. 会員協議会\n6. 会社の社長\n7. トンディレクターディレクター\n8. その他"}, "quick_reply": [{"payload": "10073", "title": "1"}, {"payload": "10074", "title": "2"}, {"payload": "10075", "title": "3"}, {"payload": "10076", "title": "4"}, {"payload": "10079", "title": "5"}, {"payload": "10080", "title": "6"}, {"payload": "10081", "title": "7"}, {"payload": "1000", "title": "8"}]}, "206": {"text": {"vi": "Giám đốc, Tổng giám đốc?\n1. Định nghĩa\n2. Tiêu chuẩn, điều kiện", "ja": "取締役、総監督?\n1. 定義\n2. 基準、条件"}, "quick_reply": [{"payload": "10064", "title": "1"}, {"payload": "10065", "title": "2"}]}, "209": {"text": {"vi": "Công ty cổ phần?\n1. Định nghĩa\n2. Vốn\n3. Quyền của cổ đông phổ thông\n4. Cố phiếu\n5. Chuyển nhượng cổ phần\n6. Đại hội đồng cổ đông\n7. Hội đồng quản trị\n8. Khác", "ja": "合資会社?\n1. 定義\n2. 首都\n3. 普通株主の権利\n4. 株式\n5. 株式移転\n6. 株主総会\n7. 取締役会\n8. その他"}, "quick_reply": [{"payload": "10110", "title": "1"}, {"payload": "10111", "title": "2"}, {"payload": "10114", "title": "3"}, {"payload": "10120", "title": "4"}, {"payload": "10126", "title": "5"}, {"payload": "10135", "title": "6"}, {"payload": "210", "title": "7"}, {"payload": "1000", "title": "8"}]}, "208": {"text": {"vi": "Doanh nghiệp nhà nước?\n1. Hội đồng thành viên\n2. Chủ tịch công ty\n3. Giám đốc, Tống giám đốc\n4. Ban kiểm soát và kiểm soát viên", "ja": "国有企業?\n1. 会員協議会\n2. 会社の社長\n3. トンディレクターディレクター\n4. コントロールボードとコントローラ"}, "quick_reply": [{"payload": "1000", "title": "1"}, {"payload": "10098", "title": "2"}, {"payload": "1000", "title": "3"}, {"payload": "1000", "title": "4"}]}, "214": {"text": {"vi": "Tổ chức lại, giải thể và phá sản?\n1. Khác", "ja": "再編、解散、破産?\n1. その他"}, "quick_reply": [{"payload": "1000", "title": "1"}]}, "212": {"text": {"vi": "Doanh nghiệp tư nhân?\n1. Khác", "ja": "民間企業?\n1. その他"}, "quick_reply": [{"payload": "1000", "title": "1"}]}, "213": {"text": {"vi": "Thành lập doanh nghiệp?\n1. Khác", "ja": "ビジネスの確立?\n1. その他"}, "quick_reply": [{"payload": "1000", "title": "1"}]}, "210": {"text": {"vi": "Hội đồng quản trị?\n1. Định nghĩa\n2. Nhiệm kỳ và số lượng\n3. Chủ tịch\n4. Cuộc họp hội đồng quản trị\n5. Giám đốc, Tống giám đốc\n6. Ban kiểm soát\n7. Khác", "ja": "取締役会?\n1. 定義\n2. テニュアと番号\n3. 大統領\n4. 取締役会\n5. トンディレクターディレクター\n6. コントロールボード\n7. その他"}, "quick_reply": [{"payload": "10149", "title": "1"}, {"payload": "10150", "title": "2"}, {"payload": "10152", "title": "3"}, {"payload": "10153", "title": "4"}, {"payload": "10157", "title": "5"}, {"payload": "10163", "title": "6"}, {"payload": "1000", "title": "7"}]}, "211": {"text": {"vi": "Công ty hợp danh?\n1. Định nghĩa\n2. Vốn\n3. Quyền của thành viên hợp danh\n4. Nghĩa vụ của thành viên hợp danh\n5. Hội đồng thành viên\n6. Khác", "ja": "パートナーシップ?\n1. 定義\n2. 首都\n3. パートナーシップメンバーの権利\n4. パートナーシップ会員の義務\n5. 会員協議会\n6. その他"}, "quick_reply": [{"payload": "10172", "title": "1"}, {"payload": "10173", "title": "2"}, {"payload": "10176", "title": "3"}, {"payload": "10176", "title": "4"}, {"payload": "10177", "title": "5"}, {"payload": "1000", "title": "6"}]}}