{"201": {"text": {"vi": "Bạn muốn hỏi gì?\n1. Tìm hiểu về các khái niệm cơ bản\n2. Phân loại đất\n3. Giấy chứng nhận quyền sử dụng đất\n4. Tranh chấp đất đai\n5. Thu hồi\n6. Bồi thường\n7. Chuyển nhượng", "ja": "あなたは何を求めていますか？ \n1. 基本的な概念について学ぶ\n2. 土地の分類\n3. 土地使用権証明書\n4. 土地紛争\n5. 失効\n6. 報酬\n7. 割り当て"}, "quick_reply": [{"payload": "10003", "title": "1"}, {"payload": "10010", "title": "2"}, {"payload": "202", "title": "3"}, {"payload": "203", "title": "4"}, {"payload": "204", "title": "5"}, {"payload": "206", "title": "6"}, {"payload": "1000", "title": "7"}]}, "203": {"text": {"vi": "Tranh chấp đất đai?\n1. Hòa giải\n2. Thẩm quyền giải quyết tranh chấp", "ja": "土地紛争?\n1. 調停\n2. 紛争解決能力"}, "quick_reply": [{"payload": "10202", "title": "1"}, {"payload": "10203", "title": "2"}]}, "202": {"text": {"vi": "Giấy chứng nhận quyền sử dụng đất?\n1. Đang sử dụng và có giấy tờ\n2. Đang sử dụng và không có giấy tờ\n3. Cấp cho tổ chức, cơ sở tôn giáo đang sử dụng\n4. Cấp cho tài sản gắn liền với đất\n5. Thẩm quyền cấp\n", "ja": "土地使用権証明書?\n1. 使用され、論文を持っている\n2. 使用され、文書化されていない\n3. 使用中の組織や宗教施設に発行される\n4. 土地に附属する資産の譲渡\n5. 権限が発行されました\n"}, "quick_reply": [{"payload": "10100", "title": "1"}, {"payload": "10101", "title": "2"}, {"payload": "10102", "title": "3"}, {"payload": "10104", "title": "4"}, {"payload": "10105", "title": "5"}]}, "205": {"text": {"vi": "Các trường hợp thu hồi?\n1. Quốc phòng, an ninh\n2. Lợi ích công cộng\n3. Vi phạm pháp luật về đất đai\n4. Khác\n", "ja": "リコールのケース?\n1. 防衛と安全\n2. 公益\n3. 土地法を破る\n4. その他\n"}, "quick_reply": [{"payload": "10061", "title": "1"}, {"payload": "10062", "title": "2"}, {"payload": "10064", "title": "3"}, {"payload": "1000", "title": "4"}]}, "204": {"text": {"vi": "Thu hồi?\n1. Các trường hợp thu hồi\n2. Thẩm quyền thu hồi", "ja": "失効?\n1. リコールのケース\n2. 失効の管轄"}, "quick_reply": [{"payload": "205", "title": "1"}, {"payload": "10066", "title": "2"}]}, "207": {"text": {"vi": "Bồi thường về đất?\n1. Nguyên tắc bồi thường về đất\n2. Điều kiện được bồi thường về đất\n3. Các trường hợp bồi thường về đất\n4. Hỗ trợ ngoài bồi thường về đất", "ja": "土地補償?\n1. 土地補償の原則\n2. 土地補償の条件\n3. 土地補償の場合\n4. 土地補償のサポート"}, "quick_reply": [{"payload": "10074", "title": "1"}, {"payload": "10075", "title": "2"}, {"payload": "208", "title": "3"}, {"payload": "209", "title": "4"}]}, "206": {"text": {"vi": "Bồi thường?\n1. Bồi thường về đất\n2. Bồi thường về tài sản", "ja": "取締役、総監督?\n1. 定義\n2. 基準、条件"}, "quick_reply": [{"payload": "207", "title": "1"}, {"payload": "210", "title": "2"}]}, "209": {"text": {"vi": "Hỗ trợ ngoài bồi thường về đất?\n1. Nguyên tắc hỗ trợ\n2. Các khoản hỗ trợ\n3. Hộ trợ đào tạo, chuyển đổi nghề, tìm kiếm việc làm\n4. Tái định cư\n5. Tái định cư\n6. Tái định cư\n", "ja": "土地補償のサポート?\n1. サポートの原則\n2. 資金\n3. トレーニングサポート、求人情報の変更、求人検索\n4. 移転\n5. 移転\n6. 移転\n"}, "quick_reply": [{"payload": "10183", "title": "1"}, {"payload": "10183", "title": "2"}, {"payload": "10184", "title": "3"}, {"payload": "10185", "title": "4"}, {"payload": "10186", "title": "5"}, {"payload": "10187", "title": "6"}]}, "208": {"text": {"vi": "Các trường hợp bồi thường về đất?\n1. Quốc phòng, an ninh, lợi ích công cộng\n2. Đất nông nghiệp\n3. Tổ chức kinh tế, công đồng dân cư, cơ sở tôn giáo\n4. Đất ở\n5. Đất phi nông nghiệp không phải đất ở của cá nhân, hộ gia đình\n6. Đất phi nông nghiệp không phải đất ở của tổ chức kinh tế, cộng đồng dân cư, cơ sở tôn giáo, ng vn ở nc ngoài, tổ chức nc ngoài\n7. Trường hợp không đc bồi thường", "ja": "土地補償の場合?\n1. 防衛、安全保障、公益\n2. 農地\n3. 経済団体、地域社会、宗教施設\n4. 住宅地\n5. 非農地は個人または世帯の居住地ではない\n6. 非農地は経済団体、居住コミュニティ、宗教施設、外国人、外国団体の居住地ではない\n7. ケースは補償されません"}, "quick_reply": [{"payload": "10076", "title": "1"}, {"payload": "10077", "title": "2"}, {"payload": "10078", "title": "3"}, {"payload": "10079", "title": "4"}, {"payload": "10080", "title": "5"}, {"payload": "10081", "title": "6"}, {"payload": "10082", "title": "7"}]}, "212": {"text": {"vi": "Hỗ trợ ngoài bồi thường về tài sản?\n1. Khác", "ja": "財産補償に加えて支援?\n1. その他"}, "quick_reply": [{"payload": "1000", "title": "1"}]}, "210": {"text": {"vi": "Bồi thường về tài sản?\n1. Nguyên tắc bồi thường về tài sản\n2. Các trường hợp bồi thường về tài sản\n3. Hỗ trợ ngoài bồi thường về tài sản", "ja": "財産に対する補償?\n1. 財産の補償の原則\n2. 財産に対する補償\n3. 財産補償に加えて支援"}, "quick_reply": [{"payload": "10088", "title": "1"}, {"payload": "211", "title": "2"}, {"payload": "212", "title": "3"}]}, "211": {"text": {"vi": "Các trường hợp bồi thường về tài sản?\n1. Thiệt hại về nhà, công trình\n2. Cây trồng, vật nuôi\n3. Chi phí di chuyển\n4. Trường hợp không được bồi thường\n5. Chi trả tiền bồi thường, hỗ trợ, tái định cư\n6. Hành lang an toàn", "ja": "財産に対する補償?\n1. 家へのダメージ、作品\n2. 作物と家畜\n3. 旅費\n4. ケースは補償されません\n5. 補償、支援、再定住のための支払い\n6. 安全通路"}, "quick_reply": [{"payload": "10089", "title": "1"}, {"payload": "10090", "title": "2"}, {"payload": "10091", "title": "3"}, {"payload": "10092", "title": "4"}, {"payload": "10093", "title": "5"}, {"payload": "10094", "title": "6"}]}}