{"201": {"text": {"vi": "Bạn muốn hỏi gì?\n1. Quy định chung\n2. Hoạt động nộp thuế\n3. Thuế tài sản cho đất\n4. Thuế tài sản cho nhà ở\n5. Thuế tài sản cho tàu bay, du thuyền, ô tô\n6. Khác", "ja": "あなたは何を求めていますか\n1. 一般規定\n2. 納税活動\n3. 土地の固定資産税\n4. 住宅の固定資産税\n5. 航空機、ヨット、車の固定資産税\n6. その他"}, "quick_reply": [{"payload": "202", "title": "1"}, {"payload": "203", "title": "2"}, {"payload": "204", "title": "3"}, {"payload": "205", "title": "4"}, {"payload": "206", "title": "5"}, {"payload": "1000", "title": "6"}]}, "203": {"text": {"vi": "Hoạt động nộp thuế?\n1. Các trường hợp miễn thuế\n2. Các trường hợp giảm thuế\n3. Đăng ký và tính thuế\n4. Nộp thuế\n5. Chậm nộp thuế\n6. Khác", "ja": "納税活動?\n1. 免税の場合\n2. 減税の場合\n3. 登録と税計算\n4. 税金を支払う\n5. 税金の滞納\n6. その他"}, "quick_reply": [{"payload": "10010", "title": "1"}, {"payload": "10011", "title": "2"}, {"payload": "10012", "title": "3"}, {"payload": "10012", "title": "4"}, {"payload": "10013", "title": "5"}, {"payload": "1000", "title": "6"}]}, "202": {"text": {"vi": "Quy định chung?\n1. Đối tượng chịu thuế\n2. Đối tượng không chịu thuế\n3. Người nộp thuế\n4. Giá tính thuế\n5. Thuế suất\n6. Khác", "ja": "一般規定?\n1. 課税対象\n2. 非課税対象\n3. 納税者\n4. 課税価格\n5. 税率\n6. その他"}, "quick_reply": [{"payload": "10002", "title": "1"}, {"payload": "10003", "title": "2"}, {"payload": "10004", "title": "3"}, {"payload": "10007", "title": "4"}, {"payload": "10008", "title": "5"}, {"payload": "1000", "title": "6"}]}, "205": {"text": {"vi": "Thuế tài sản cho nhà ở?\n1. Giá tính thuế\n2. Thuế suất\n3. Khác", "ja": "住宅の固定資産税?\n1. 課税価格\n2. 税率\n3. その他"}, "quick_reply": [{"payload": "10007", "title": "1"}, {"payload": "10008", "title": "2"}, {"payload": "1000", "title": "3"}]}, "204": {"text": {"vi": "Thuế tài sản cho đất?\n1. Giá tính thuế\n2. Thuế suất\n3. Khác", "ja": "土地の固定資産税?\n1. 課税価格\n2. 税率\n3. その他"}, "quick_reply": [{"payload": "10007", "title": "1"}, {"payload": "10008", "title": "2"}, {"payload": "1000", "title": "3"}]}, "206": {"text": {"vi": "Thuế tài sản cho tàu bay, thuyền, ô tô?\n1. Giá tính thuế\n2. Thuế suất\n3. Khác", "ja": "航空機、ボート、自動車の固定資産税?\n1. 課税価格\n2. 税率\n3. その他"}, "quick_reply": [{"payload": "10007", "title": "1"}, {"payload": "10008", "title": "2"}, {"payload": "1000", "title": "3"}]}}